{"cameraMode":{"drawMode":0,"name":"Shaded","section":"Shading Mode"},"sceneLighting":false,"audioPlay":false,"sceneViewState":{"m_AlwaysRefresh":false,"showFog":true,"showSkybox":false,"showFlares":true,"showImageEffects":true,"showParticleSystems":true,"showVisualEffectGraphs":true,"m_FxEnabled":true},"in2DMode":false,"pivot":{"x":0.3431130647659302,"y":1.084531307220459,"z":-0.8901965618133545},"rotation":{"x":0.01267668604850769,"y":-0.34380608797073367,"z":0.004641612991690636,"w":0.9389461278915405},"size":1.4079399108886719,"orthographic":false}