{"cameraMode":{"drawMode":0,"name":"Shaded","section":"Shading Mode"},"sceneLighting":false,"audioPlay":false,"sceneViewState":{"m_AlwaysRefresh":false,"showFog":true,"showSkybox":false,"showFlares":true,"showImageEffects":true,"showParticleSystems":true,"showVisualEffectGraphs":true,"m_FxEnabled":true},"in2DMode":false,"pivot":{"x":-1.2282836437225342,"y":1.387763261795044,"z":-0.07336843758821488},"rotation":{"x":0.1750757396221161,"y":0.44700565934181216,"z":-0.08968234062194824,"w":0.872634768486023},"size":2.0327093601226808,"orthographic":true}