{"cameraMode":{"drawMode":0,"name":"Shaded","section":"Shading Mode"},"sceneLighting":false,"audioPlay":false,"sceneViewState":{"m_AlwaysRefresh":false,"showFog":true,"showSkybox":false,"showFlares":true,"showImageEffects":true,"showParticleSystems":true,"showVisualEffectGraphs":true,"m_FxEnabled":true},"in2DMode":false,"pivot":{"x":0.054708123207092288,"y":0.3077520728111267,"z":-0.05392611026763916},"rotation":{"x":0.11899648606777191,"y":-0.2416863888502121,"z":0.02987831085920334,"w":0.9625663161277771},"size":1.4696956872940064,"orthographic":false}