{"cameraMode":{"drawMode":0,"name":"Shaded","section":"Shading Mode"},"sceneLighting":false,"audioPlay":false,"sceneViewState":{"m_AlwaysRefresh":false,"showFog":true,"showSkybox":false,"showFlares":true,"showImageEffects":true,"showParticleSystems":true,"showVisualEffectGraphs":true,"m_FxEnabled":true},"in2DMode":false,"pivot":{"x":0.805241584777832,"y":1.3333022594451905,"z":72.87010955810547},"rotation":{"x":0.022073928266763688,"y":-0.9762547612190247,"z":0.12068814039230347,"w":0.17855417728424073},"size":1.0392296314239503,"orthographic":false}