{"cameraMode":{"drawMode":0,"name":"Shaded","section":"Shading Mode"},"sceneLighting":false,"audioPlay":false,"sceneViewState":{"m_AlwaysRefresh":false,"showFog":true,"showSkybox":false,"showFlares":true,"showImageEffects":true,"showParticleSystems":true,"showVisualEffectGraphs":true,"m_FxEnabled":true},"in2DMode":false,"pivot":{"x":-0.4661753177642822,"y":0.6686191558837891,"z":-0.2904856204986572},"rotation":{"x":0.10435721278190613,"y":-0.3333081603050232,"z":0.03714991733431816,"w":0.9362887740135193},"size":1.4696965217590333,"orthographic":false}