{"cameraMode":{"drawMode":0,"name":"Shaded","section":"Shading Mode"},"sceneLighting":true,"audioPlay":false,"sceneViewState":{"m_AlwaysRefresh":false,"showFog":true,"showSkybox":true,"showFlares":true,"showImageEffects":true,"showParticleSystems":true,"showVisualEffectGraphs":true,"m_FxEnabled":true},"in2DMode":false,"pivot":{"x":67.37342834472656,"y":0.9308765530586243,"z":11.061415672302246},"rotation":{"x":0.008168872445821762,"y":-0.9901996850967407,"z":0.06575580686330795,"w":0.12302330881357193},"size":1.727248191833496,"orthographic":false}